"Department","Date","StaffedHours","AvailableHours","AUXHours","OtherHours","TargetSL","WithinServiceLevel","SLGoal","SL","TotalCalls","ASA","AvgACDTime"
"3G Projects",2021-05-01,0,0,0,0,65,0,0.65,0,0,0,0
"3G Projects",2021-05-02,0,0,0,0,65,75,0.65,0.75,152,90.0510177612,0
"3G Projects",2021-05-03,22.3980555555556,11.1844444444444,5.82555555555556,0.3875,65,91,0.65,0.91,130,14.1609191895,2.27261912028333
"3G Projects",2021-05-04,22.3369444444444,13.8355555555556,4.78916666666667,0.211111111111111,65,83,0.65,0.83,182,45.4369735718,2.1940612793
"3G Projects",2021-05-05,22.4952777777778,11.1077777777778,6.30972222222222,0.0661111111111111,65,69,0.65,0.69,149,64.1623916626,2.11736691793333
"3G Projects",2021-05-06,15.3969444444444,8.42972222222222,1.13055555555556,0.102777777777778,65,92,0.65,0.92,126,21.7727279663,2.65227915446667
"3G Projects",2021-05-07,29.7786111111111,18.3475,6.96722222222222,0.124166666666667,65,0,0.65,0,0,0,2.64734853108333
"3G Projects",2021-05-08,0,0,0,0,65,0,0.65,0,0,0,0
"3G Projects",2021-05-09,0,0,0,0,65,89,0.65,0.89,133,17.3854160309,0
"3G Projects",2021-05-10,29.5955555555556,19.055,6.13527777777778,0.165555555555556,65,92,0.65,0.92,102,26.7654323578,2.446875
"3G Projects",2021-05-11,22.2491666666667,13.6594444444444,4.42972222222222,0.153055555555556,65,96,0.65,0.96,118,9.12658214569,2.41008224486667
"3G Projects",2021-05-12,29.8313888888889,19.0702777777778,6.64916666666667,0.143333333333333,65,94,0.65,0.94,97,11.3000001907,2.66371307373333
"3G Projects",2021-05-13,29.6341666666667,20.5958333333333,6.0725,0.214722222222222,65,91,0.65,0.91,114,13.8571424484,2.54722213745
"3G Projects",2021-05-14,29.7311111111111,17.0236111111111,6.75444444444444,1.85305555555556,65,0,0.65,0,0,0,2.80454533895
"3G Projects",2021-05-15,0,0,0,0,65,0,0.65,0,0,0,0
"3G Projects",2021-05-16,0,0,0,0,65,86,0.65,0.86,124,16.1379318237,0
"3G Projects",2021-05-17,29.6911111111111,16.4558333333333,6.84,2.89111111111111,65,82,0.65,0.82,121,35.6428565979,2.04272028605
"3G Projects",2021-05-18,21.8358333333333,11.5791666666667,5.23027777777778,0.397777777777778,65,91,0.65,0.91,102,16.5303039551,3.05376993815
"3G Projects",2021-05-19,29.7183333333333,18.6652777777778,6.6975,0.0897222222222222,65,92,0.65,0.92,109,16.74193573,2.98813120523333
"3G Projects",2021-05-20,28.5116666666667,19.1880555555556,6.19,0.128611111111111,65,95,0.65,0.95,107,16.0892848969,2.56290334065
"3G Projects",2021-05-21,29.3661111111111,19.9133333333333,6.52,0.135555555555556,65,0,0.65,0,0,0,2.6342262268
"3G Projects",2021-05-22,0,0,0,0,65,0,0.65,0,0,0,0
"3G Projects",2021-05-23,0,0,0,0,65,83,0.65,0.83,117,24.8989906311,0
"3G Projects",2021-05-24,22.035,12.4116666666667,3.03833333333333,2.1475,65,94,0.65,0.94,98,11.2121210098,2.38299662271667
"3G Projects",2021-05-25,21.4480555555556,14.8319444444444,3.39527777777778,0.18,65,95,0.65,0.95,116,13.4814815521,2.29646453856667
"3G Projects",2021-05-26,29.6394444444444,19.7491666666667,5.87194444444444,0.236944444444444,65,91,0.65,0.91,93,16.6825389862,2.61934153238333
"3G Projects",2021-05-27,29.4255555555556,16.9047222222222,7.71333333333333,1.54833333333333,65,89,0.65,0.89,113,30.5272731781,2.91031748453333
"3G Projects",2021-05-28,29.4138888888889,19.7313888888889,6.4625,0.575833333333333,65,0,0.65,0,0,0,2.59969685871667
"3G Projects",2021-05-29,0,0,0,0,65,0,0.65,0,0,0,0
"3G Projects",2021-05-30,0,0,0,0,65,0,0.65,0,0,0,0
"3G Projects",2021-05-31,0,0,0,0,65,82,0.65,0.82,118,28.7469882965,0
"Billing",2021-05-01,11.6791666666667,8.97583333333333,0.331944444444444,0.183888888888889,65,0,0.65,0,0,0,3.06504058838333
"Billing",2021-05-02,0,0,0,0,65,50,0.65,0.5,491,118.278770447,0
"Billing",2021-05-03,37.2408333333333,4.92527777777778,9.43583333333333,2.31111111111111,65,36,0.65,0.36,354,167.290786743,3.0339726766
"Billing",2021-05-04,31.0472222222222,4.82805555555556,6.78055555555556,2.98805555555556,65,31,0.65,0.31,386,193.713821411,3.35360514323333
"Billing",2021-05-05,32.3802777777778,5.98111111111111,5.72416666666667,3.12583333333333,65,33,0.65,0.33,352,243.491577148,3.25380503336667
"Billing",2021-05-06,31.495,3.97694444444444,4.80472222222222,2.445,65,38,0.65,0.38,329,145.445251465,3.93647588093333
"Billing",2021-05-07,24.9886111111111,4.14666666666667,3.34722222222222,1.48861111111111,65,78,0.65,0.78,58,27.7441864014,3.37749379476667
"Billing",2021-05-08,15.0469444444444,12.2583333333333,0.360555555555556,0.268611111111111,65,0,0.65,0,0,0,2.8678293864
"Billing",2021-05-09,0,0,0,0,65,31,0.65,0.31,402,223.760375977,0
"Billing",2021-05-10,31.6105555555556,4.39194444444444,5.17333333333333,2.43138888888889,65,27,0.65,0.27,311,282.19317627,3.633493042
"Billing",2021-05-11,24.52,2.56416666666667,1.71833333333333,1.53333333333333,65,37,0.65,0.37,356,227.167251587,4.11515146891667
"Billing",2021-05-12,32.4169444444444,5.73361111111111,3.17055555555556,2.63583333333333,65,71,0.65,0.71,298,46.9102058411,4.17804870605
"Billing",2021-05-13,30.2183333333333,10.375,4.17472222222222,1.50083333333333,65,77,0.65,0.77,324,48.3531608582,3.33408152261667
"Billing",2021-05-14,30.1452777777778,11.7866666666667,2.395,1.4625,65,86,0.65,0.86,60,30.7399997711,3.10297393798333
"Billing",2021-05-15,14.8780555555556,10.8280555555556,0.693055555555556,0.195555555555556,65,0,0.65,0,0,0,3.63233337401667
"Billing",2021-05-16,0,0,0,0,65,16,0.65,0.16,312,427.126922607,0
"Billing",2021-05-17,26.2244444444444,1.34444444444444,4.375,2.18333333333333,65,65,0.65,0.65,378,69.1452713013,4.10230763753333
"Billing",2021-05-18,37.0505555555556,12.4186111111111,4.25444444444444,2.00916666666667,65,58,0.65,0.58,369,65.9475631714,3.58271408081667
"Billing",2021-05-19,36.9275,8.79583333333333,7.93777777777778,3.02888888888889,65,35,0.65,0.35,438,153.424087524,3.71729100545
"Billing",2021-05-20,37.5897222222222,5.74888888888889,5.605,2.49666666666667,65,4,0.65,0.04,451,562.538085938,3.58512217203333
"Billing",2021-05-21,33.5186111111111,0.544722222222222,2.79166666666667,3.03888888888889,65,84,0.65,0.84,93,34.1168823242,3.98955154418333
"Billing",2021-05-22,16.2380555555556,9.25,1.5775,0.0166666666666667,65,0,0.65,0,0,0,4.05411249796667
"Billing",2021-05-23,0,0,0,0,65,3,0.65,0.03,363,976.987792969,0
"Billing",2021-05-24,27.4272222222222,0.230277777777778,3.78333333333333,2.19777777777778,65,3,0.65,0.03,422,658.489501953,3.76890920003333
"Billing",2021-05-25,31.6986111111111,0.612222222222222,4.45861111111111,1.765,65,21,0.65,0.21,460,210.419021606,3.7947207133
"Billing",2021-05-26,32.8336111111111,2.24333333333333,3.58388888888889,2.24944444444444,65,31,0.65,0.31,367,173.223968506,3.69438730875
"Billing",2021-05-27,34.7627777777778,5.82111111111111,7.16527777777778,1.78583333333333,65,40,0.65,0.4,298,166.387832642,3.66466878255
"Billing",2021-05-28,28.5363888888889,5.39361111111111,3.43722222222222,2.54416666666667,65,80,0.65,0.8,51,49.2926826477,3.77642593383333
"Billing",2021-05-29,14.7819444444444,11.3577777777778,0.513333333333333,0.369722222222222,65,0,0.65,0,0,0,3.56788609823333
"Billing",2021-05-30,0,0,0,0,65,0,0.65,0,0,0,0
"Billing",2021-05-31,0,0,0,0,65,23,0.65,0.23,395,292.91394043,0
"Field Support Customer",2021-05-01,19.0336111111111,10.5525,4.28555555555556,4.13333333333333,65,0,0.65,0,0,0,1.07777773539167
"Field Support Customer",2021-05-02,0,0,0,0,65,53,0.65,0.53,21,50.4615402222,0
"Field Support Customer",2021-05-03,54.4688888888889,8.05972222222222,15.3566666666667,30.8786111111111,65,36,0.65,0.36,19,142.454544067,0.63205127716
"Field Support Customer",2021-05-04,40.0383333333333,6.13944444444444,10.2969444444444,23.4047222222222,65,38,0.65,0.38,16,80.1999969482,0.980303001403333
"Field Support Customer",2021-05-05,39.6875,7.07805555555556,8.32583333333333,24.0438888888889,65,33,0.65,0.33,22,194.166671753,1.34666671753
"Field Support Customer",2021-05-06,57.0602777777778,8.81361111111111,15.4033333333333,32.5486111111111,65,20,0.65,0.2,23,221.357147217,1.39444440205833
"Field Support Customer",2021-05-07,44.8463888888889,7.45583333333333,12.0986111111111,24.9363888888889,65,0,0.65,0,0,0,1.40952377319333
"Field Support Customer",2021-05-08,33.4336111111111,15.3022222222222,13.1944444444444,4.93694444444444,65,0,0.65,0,0,0,0
"Field Support Customer",2021-05-09,0,0,0,0,65,26,0.65,0.26,34,153,0
"Field Support Customer",2021-05-10,42.4333333333333,4.86111111111111,16.5997222222222,20.7025,65,16,0.65,0.16,15,180.875,0.769298235575
"Field Support Customer",2021-05-11,26.3566666666667,2.94805555555556,8.13611111111111,15.0925,65,24,0.65,0.24,14,225,1.27083333333333
"Field Support Customer",2021-05-12,32.7905555555556,6.55444444444444,5.5025,20.4108333333333,65,75,0.65,0.75,15,11.1999998093,1.78333333333333
"Field Support Customer",2021-05-13,116.884722222222,31.8541666666667,38.4169444444444,46.405,65,71,0.65,0.71,16,61.2727279663,1.08833338419667
"Field Support Customer",2021-05-14,134.783888888889,25.985,50.1983333333333,58.2916666666667,65,0,0.65,0,0,0,1.51060600280833
"Field Support Customer",2021-05-15,33.7925,23.1588888888889,4.91055555555556,5.72305555555556,65,100,0.65,1,1,21,0
"Field Support Customer",2021-05-16,9.00583333333333,3.05861111111111,4.81472222222222,1.12666666666667,65,54,0.65,0.54,15,36.1818199158,0.166666666666667
"Field Support Customer",2021-05-17,114.079722222222,17.2325,49.0963888888889,47.2972222222222,65,83,0.65,0.83,19,64.5833358765,2.28636372883333
"Field Support Customer",2021-05-18,134.825555555556,29.0747222222222,47.0427777777778,58.3277777777778,65,90,0.65,0.9,27,11.6842107773,1.77361106873333
"Field Support Customer",2021-05-19,130.2875,23.0744444444444,54.8997222222222,51.3958333333333,65,55,0.65,0.55,25,65.5789489746,2.71929829915
"Field Support Customer",2021-05-20,142.776111111111,19.9383333333333,57.6863888888889,64.5075,65,77,0.65,0.77,18,29,1.85350875855
"Field Support Customer",2021-05-21,132.79,14.6833333333333,54.5819444444444,63.1227777777778,65,50,0.65,0.5,1,8,2.02575759888333
"Field Support Customer",2021-05-22,42.2227777777778,23.9777777777778,7.57638888888889,10.6108333333333,65,0,0.65,0,0,0,3.16666666666667
"Field Support Customer",2021-05-23,9.19444444444444,1.47277777777778,7.23666666666667,0.485,65,47,0.65,0.47,22,120.384613037,0
"Field Support Customer",2021-05-24,119.5025,14.8919444444444,49.3075,54.3063888888889,65,71,0.65,0.71,19,35.9285697937,3.99487177531667
"Field Support Customer",2021-05-25,137.176666666667,18.1966666666667,56.4333333333333,61.555,65,79,0.65,0.79,19,27.428571701,4.06666666666667
"Field Support Customer",2021-05-26,145.713888888889,19.9297222222222,55.8313888888889,69.3958333333333,65,76,0.65,0.76,21,8.5,2.17738087971667
"Field Support Customer",2021-05-27,141.497222222222,25.1555555555556,50.5705555555556,65.2027777777778,65,80,0.65,0.8,23,33.7142868042,2.25
"Field Support Customer",2021-05-28,119.615,17.9883333333333,42.2669444444444,58.5855555555556,65,100,0.65,1,3,3,3.20357131958333
"Field Support Customer",2021-05-29,29.6283333333333,19.4591666666667,4.13138888888889,6.00972222222222,65,33,0.65,0.33,4,508,0.344444433848333
"Field Support Customer",2021-05-30,9.21805555555556,2.93444444444444,4.70944444444444,1.55138888888889,65,0,0.65,0,0,0,0.383333333333333
"Field Support Customer",2021-05-31,5.44222222222222,1.68388888888889,3.39638888888889,0.361944444444444,65,83,0.65,0.83,8,23.8333339691,0
"Field Support Tech",2021-05-01,15.0002777777778,10.9725,0.234722222222222,0.0286111111111111,65,0,0.65,0,0,0,4.48263905843333
"Field Support Tech",2021-05-02,0,0,0,0,65,59,0.65,0.59,587,51.2611236572,0
"Field Support Tech",2021-05-03,94.9825,12.445,48.6266666666667,1.04666666666667,65,76,0.65,0.76,664,34.2682914734,3.614087677
"Field Support Tech",2021-05-04,101.011111111111,17.41,46.5522222222222,1.09361111111111,65,76,0.65,0.76,672,27.4207839966,3.53693389893333
"Field Support Tech",2021-05-05,96.8569444444445,16.3875,41.81,1.37722222222222,65,75,0.65,0.75,633,31.4444446564,3.5994606018
"Field Support Tech",2021-05-06,100.506944444444,24.5905555555556,37.4225,1.12388888888889,65,94,0.65,0.94,563,10.1049613953,3.68622690836667
"Field Support Tech",2021-05-07,95.7222222222222,26.2016666666667,36.5886111111111,1.6225,65,84,0.65,0.84,62,33.4909095764,3.37076975505
"Field Support Tech",2021-05-08,15.0236111111111,11.3894444444444,0.2475,0.116388888888889,65,0,0.65,0,0,0,3.33151524861667
"Field Support Tech",2021-05-09,0,0,0,0,65,91,0.65,0.91,624,14.3690681458,0
"Field Support Tech",2021-05-10,82.5280555555556,27.1225,19.1236111111111,0.65,65,80,0.65,0.8,640,24.9722709656,3.54370244343333
"Field Support Tech",2021-05-11,107.514444444444,15.7930555555556,51.2513888888889,1.12833333333333,65,87,0.65,0.87,624,17.4036693573,3.88549982706667
"Field Support Tech",2021-05-12,112.987777777778,21.5869444444444,57.4988888888889,0.5725,65,87,0.65,0.87,534,17.2723484039,3.45611623128333
"Field Support Tech",2021-05-13,92.1816666666667,22.8047222222222,37.825,0.798055555555556,65,60,0.65,0.6,621,56.1594200134,3.6034304301
"Field Support Tech",2021-05-14,91.9338888888889,11.6272222222222,41.2822222222222,1.23222222222222,65,94,0.65,0.94,48,21.042552948,3.90105667115
"Field Support Tech",2021-05-15,14.8980555555556,12.3308333333333,0.201111111111111,0.0108333333333333,65,0,0.65,0,0,0,2.75106379191667
"Field Support Tech",2021-05-16,0,0,0,0,65,73,0.65,0.73,500,32.6085014343,0
"Field Support Tech",2021-05-17,88.0102777777778,16.4658333333333,41.6661111111111,0.748888888888889,65,59,0.65,0.59,609,56.9388504028,3.6823638916
"Field Support Tech",2021-05-18,92.4252777777778,14.8358333333333,41.5433333333333,1.11,65,80,0.65,0.8,563,28.6309528351,3.5617205302
"Field Support Tech",2021-05-19,98.3947222222222,17.2505555555556,46.0511111111111,1.63694444444444,65,69,0.65,0.69,597,39.6753234863,3.78822758993333
"Field Support Tech",2021-05-20,91.8755555555556,13.2161111111111,41.5933333333333,1.42666666666667,65,55,0.65,0.55,596,69.5602264404,3.76283238728333
"Field Support Tech",2021-05-21,97.6391666666667,13.3591666666667,46.2469444444444,1.38083333333333,65,92,0.65,0.92,36,17.3888893127,4.02571690876667
"Field Support Tech",2021-05-22,15.0205555555556,12.6505555555556,0.0158333333333333,0.0597222222222222,65,0,0.65,0,0,0,3.5921295166
"Field Support Tech",2021-05-23,0,0,0,0,65,63,0.65,0.63,532,63.4762878418,0
"Field Support Tech",2021-05-24,86.2452777777778,14.7880555555556,36.2127777777778,1.99416666666667,65,67,0.65,0.67,673,38.6264457703,3.92402064005
"Field Support Tech",2021-05-25,112.45,21.5236111111111,47.9425,1.88277777777778,65,72,0.65,0.72,583,41.3009529114,3.8658126831
"Field Support Tech",2021-05-26,98.9097222222222,15.3166666666667,45.4494444444444,0.994444444444444,65,78,0.65,0.78,688,28.4916934967,4.03949203491667
"Field Support Tech",2021-05-27,102.045277777778,19.2958333333333,38.4883333333333,1.25861111111111,65,58,0.65,0.58,650,58.8929176331,4.08255818685
"Field Support Tech",2021-05-28,89.7227777777778,12.1091666666667,35.3566666666667,1.83222222222222,65,97,0.65,0.97,37,6.02857160568,3.99116287231667
"Field Support Tech",2021-05-29,14.7938888888889,13.2205555555556,0.140277777777778,0.117222222222222,65,0,0.65,0,0,0,2.04380950928333
"Field Support Tech",2021-05-30,0,0,0,0,65,0,0.65,0,0,0,0
"Field Support Tech",2021-05-31,0,0,0,0,65,84,0.65,0.84,501,21.3595504761,0
"Fire Admin Customer",2021-05-01,0,0,0,0,65,0,0.65,0,0,0,0
"Fire Admin Customer",2021-05-02,0,0,0,0,65,82,0.65,0.82,38,50.9411773682,0
"Fire Admin Customer",2021-05-03,14.9438888888889,9.01777777777778,0.148611111111111,2.92944444444444,65,63,0.65,0.63,56,81.9523773193,4.8799021403
"Fire Admin Customer",2021-05-04,21.9655555555556,9.04138888888889,6.15055555555556,3.79111111111111,65,84,0.65,0.84,40,30.5,4.10555547078333
"Fire Admin Customer",2021-05-05,22.7933333333333,9.99555555555555,7.21777777777778,3.14638888888889,65,92,0.65,0.92,39,15,4.4125
"Fire Admin Customer",2021-05-06,22.4430555555556,11.0666666666667,5.78444444444444,3.06138888888889,65,71,0.65,0.71,28,56.5714302063,5.92866668701667
"Fire Admin Customer",2021-05-07,15.3286111111111,10.5302777777778,0.431944444444444,2.31805555555556,65,0,0.65,0,0,0,5.71984151205
"Fire Admin Customer",2021-05-08,0,0,0,0,65,0,0.65,0,0,0,0
"Fire Admin Customer",2021-05-09,0,0,0,0,65,77,0.65,0.77,21,39.2999992371,0
"Fire Admin Customer",2021-05-10,9.10444444444444,6.27805555555556,0.125555555555556,1.44361111111111,65,56,0.65,0.56,41,131.393936157,3.59166666666667
"Fire Admin Customer",2021-05-11,14.8572222222222,7.69361111111111,1.6075,2.74055555555556,65,81,0.65,0.81,30,14.2173910141,4.97424265543333
"Fire Admin Customer",2021-05-12,13.6413888888889,7.43805555555556,0.495277777777778,3.83888888888889,65,87,0.65,0.87,39,68.9666671753,4.7239130656
"Fire Admin Customer",2021-05-13,22.2402777777778,10.2016666666667,6.58777777777778,3.37194444444444,65,79,0.65,0.79,26,30.3157901764,4.0077776591
"Fire Admin Customer",2021-05-14,22.2311111111111,11.5147222222222,6.76611111111111,2.55944444444444,65,0,0.65,0,0,0,4.25175450643333
"Fire Admin Customer",2021-05-15,0,0,0,0,65,0,0.65,0,0,0,0
"Fire Admin Customer",2021-05-16,0,0,0,0,65,76,0.65,0.76,29,43.4285697937,0
"Fire Admin Customer",2021-05-17,14.93,8.43138888888889,0.0761111111111111,4.09222222222222,65,78,0.65,0.78,50,38.6571426392,4.8464284261
"Fire Admin Customer",2021-05-18,22.1383333333333,9.41333333333333,6.94388888888889,3.23527777777778,65,83,0.65,0.83,39,28.2068958282,4.23714294433333
"Fire Admin Customer",2021-05-19,14.7927777777778,8.87888888888889,0.240277777777778,3.98055555555556,65,83,0.65,0.83,21,23.5555553436,3.33678156535
"Fire Admin Customer",2021-05-20,15.0108333333333,9.66388888888889,1.18361111111111,3.18527777777778,65,91,0.65,0.91,28,28.1739139557,3.11388880411667
"Fire Admin Customer",2021-05-21,13.8594444444444,9.29583333333333,0.373333333333333,2.72611111111111,65,0,0.65,0,0,0,3.66521733601667
"Fire Admin Customer",2021-05-22,0,0,0,0,65,0,0.65,0,0,0,0
"Fire Admin Customer",2021-05-23,0,0,0,0,65,61,0.65,0.61,39,83.6764678955,0
"Fire Admin Customer",2021-05-24,14.99,8.69138888888889,0.310833333333333,3.40666666666667,65,78,0.65,0.78,35,44.34375,4.4029413859
"Fire Admin Customer",2021-05-25,18.7419444444444,7.10944444444444,4.81944444444444,4.40944444444444,65,91,0.65,0.91,36,15.6571426392,4.36145833333333
"Fire Admin Customer",2021-05-26,22.2508333333333,9.28388888888889,6.42555555555556,3.24666666666667,65,92,0.65,0.92,30,28.7600002289,5.49761912028333
"Fire Admin Customer",2021-05-27,22.3883333333333,10.6986111111111,6.75861111111111,2.88083333333333,65,71,0.65,0.71,33,91.9285736084,4.76599985758333
"Fire Admin Customer",2021-05-28,22.4847222222222,10.2447222222222,6.82555555555556,2.98416666666667,65,0,0.65,0,0,0,5.06369069416667
"Fire Admin Customer",2021-05-29,0,0,0,0,65,0,0.65,0,0,0,0
"Fire Admin Customer",2021-05-30,0,0,0,0,65,0,0.65,0,0,0,0
"Fire Admin Customer",2021-05-31,0,0,0,0,65,86,0.65,0.86,49,21.3095245361,0
"Fire Admin Tech",2021-05-01,0,0,0,0,65,0,0.65,0,0,0,0
"Fire Admin Tech",2021-05-02,0,0,0,0,65,85,0.65,0.85,44,31.2999992371,0
"Fire Admin Tech",2021-05-03,14.9438888888889,9.01777777777778,0.148611111111111,2.87722222222222,65,69,0.65,0.69,67,86.8730163574,4.13458328246667
"Fire Admin Tech",2021-05-04,21.9655555555556,9.04138888888889,6.15055555555556,3.14666666666667,65,86,0.65,0.86,59,37.2909088135,3.23174591065
"Fire Admin Tech",2021-05-05,22.7933333333333,9.99555555555555,7.21777777777778,2.47166666666667,65,89,0.65,0.89,67,20.8730163574,3.15636367798333
"Fire Admin Tech",2021-05-06,22.4430555555556,11.0666666666667,5.78444444444444,2.58888888888889,65,87,0.65,0.87,38,28.8888893127,2.62592595418333
"Fire Admin Tech",2021-05-07,15.3286111111111,10.5302777777778,0.431944444444444,2.07472222222222,65,0,0.65,0,0,0,3.5828704834
"Fire Admin Tech",2021-05-08,0,0,0,0,65,0,0.65,0,0,0,0
"Fire Admin Tech",2021-05-09,0,0,0,0,65,85,0.65,0.85,32,34.0625,0
"Fire Admin Tech",2021-05-10,9.10444444444444,6.27805555555556,0.125555555555556,1.26722222222222,65,67,0.65,0.67,54,86.125,2.44166666666667
"Fire Admin Tech",2021-05-11,14.8572222222222,7.69361111111111,1.6075,2.88083333333333,65,71,0.65,0.71,54,52.1224479675,3.7866666158
"Fire Admin Tech",2021-05-12,13.6413888888889,7.43805555555556,0.495277777777778,1.905,65,82,0.65,0.82,49,32.3125,4.42619069416667
"Fire Admin Tech",2021-05-13,22.2402777777778,10.2016666666667,6.58777777777778,2.13083333333333,65,92,0.65,0.92,52,17.0400009155,3.91145833333333
"Fire Admin Tech",2021-05-14,22.2311111111111,11.5147222222222,6.76611111111111,1.44555555555556,65,0,0.65,0,0,0,2.78633321126667
"Fire Admin Tech",2021-05-15,0,0,0,0,65,0,0.65,0,0,0,0
"Fire Admin Tech",2021-05-16,0,0,0,0,65,71,0.65,0.71,60,59.8421058655,0
"Fire Admin Tech",2021-05-17,14.93,8.43138888888889,0.0761111111111111,2.38222222222222,65,83,0.65,0.83,65,23.446428299,4.02163747151667
"Fire Admin Tech",2021-05-18,22.1383333333333,9.41333333333333,6.94388888888889,2.68916666666667,65,79,0.65,0.79,70,45.4769248962,3.08869043986667
"Fire Admin Tech",2021-05-19,14.7927777777778,8.87888888888889,0.240277777777778,1.75138888888889,65,82,0.65,0.82,62,30.8620681763,3.35871785481667
"Fire Admin Tech",2021-05-20,15.0108333333333,9.66388888888889,1.18361111111111,1.005,65,86,0.65,0.86,50,19.8958339691,3.03764368693333
"Fire Admin Tech",2021-05-21,13.8594444444444,9.29583333333333,0.373333333333333,1.48333333333333,65,0,0.65,0,0,0,3.13506952921667
"Fire Admin Tech",2021-05-22,0,0,0,0,65,0,0.65,0,0,0,0
"Fire Admin Tech",2021-05-23,0,0,0,0,65,70,0.65,0.7,70,52.2424240112,0
"Fire Admin Tech",2021-05-24,14.99,8.69138888888889,0.310833333333333,2.63361111111111,65,71,0.65,0.71,75,75.1159439087,2.82045466105
"Fire Admin Tech",2021-05-25,18.7419444444444,7.10944444444444,4.81944444444444,2.40861111111111,65,62,0.65,0.62,63,57.1694908142,3.60579706828333
"Fire Admin Tech",2021-05-26,22.2508333333333,9.28388888888889,6.42555555555556,3.29972222222222,65,82,0.65,0.82,60,59.8703689575,3.07062149048333
"Fire Admin Tech",2021-05-27,22.3883333333333,10.6986111111111,6.75861111111111,2.15472222222222,65,72,0.65,0.72,47,83.4545440674,2.8530863444
"Fire Admin Tech",2021-05-28,22.4847222222222,10.2447222222222,6.82555555555556,2.45416666666667,65,0,0.65,0,0,0,3.8155303955
"Fire Admin Tech",2021-05-29,0,0,0,0,65,0,0.65,0,0,0,0
"Fire Admin Tech",2021-05-30,0,0,0,0,65,0,0.65,0,0,0,0
"Fire Admin Tech",2021-05-31,0,0,0,0,65,82,0.65,0.82,55,33.5714302063,0
"Monitoring",2021-05-01,145.653888888889,35.3130555555556,82.5508333333333,8.38472222222222,71,84,0.71,0.84,1571,20.4551715851,1.96854248046667
"Monitoring",2021-05-02,142.914444444444,38.2186111111111,78.6136111111111,8.24972222222222,71,56,0.71,0.56,2261,131.95413208,2.25808436076667
"Monitoring",2021-05-03,174.2325,35.8183333333333,88.5580555555556,11.4686111111111,71,64,0.71,0.64,2313,66.1198272705,1.97767588298333
"Monitoring",2021-05-04,149.199444444444,25.0147222222222,73.8555555555556,13.4116666666667,71,70,0.71,0.7,2986,56.4468841553,1.79212926228333
"Monitoring",2021-05-05,178.621944444444,30.8688888888889,98.8247222222222,12.6352777777778,71,72,0.71,0.72,2623,37.4174842834,1.70702374776667
"Monitoring",2021-05-06,193.021111111111,44.4772222222222,102.144722222222,11.5152777777778,71,59,0.71,0.59,2425,76.712562561,1.7021706899
"Monitoring",2021-05-07,157.083055555556,37.6563888888889,75.815,10.7397222222222,71,79,0.71,0.79,1929,24.266544342,1.82170855205
"Monitoring",2021-05-08,163.439166666667,37.3325,99.9227777777778,8.16666666666667,71,83,0.71,0.83,1447,19.1783790588,1.83480389913333
"Monitoring",2021-05-09,129.3675,41.4163888888889,68.3583333333333,5.88722222222222,71,76,0.71,0.76,2538,34.7787399292,1.99220720926667
"Monitoring",2021-05-10,183.142222222222,33.0519444444444,97.3566666666667,11.2688888888889,71,73,0.71,0.73,2512,38.686126709,1.97474784851667
"Monitoring",2021-05-11,178.069444444444,43.7702777777778,84.7088888888889,9.47138888888889,71,81,0.71,0.81,2751,26.3849277496,1.8540327708
"Monitoring",2021-05-12,176.03,34.1402777777778,93.9786111111111,9.72305555555556,71,70,0.71,0.7,2535,42.0693435669,1.68006477356667
"Monitoring",2021-05-13,187.823055555556,48.9341666666667,94.9794444444444,8.69944444444444,71,65,0.71,0.65,2566,55.3425750732,1.75962587991667
"Monitoring",2021-05-14,193.101388888889,39.3841666666667,107.981666666667,9.61444444444444,71,64,0.71,0.64,1917,68.0464248657,1.78840192158333
"Monitoring",2021-05-15,133.366388888889,34.0836111111111,72.3986111111111,7.17055555555556,71,92,0.71,0.92,1964,8.7858877182,1.93249994913333
"Monitoring",2021-05-16,156.7575,53.6602777777778,78.5627777777778,7.08083333333333,71,76,0.71,0.76,2445,32.1482162476,2.30081100463333
"Monitoring",2021-05-17,190.166111111111,46.1097222222222,95.0169444444444,11.6697222222222,71,71,0.71,0.71,2202,78.9266204834,1.88799934386667
"Monitoring",2021-05-18,159.196944444444,38.4977777777778,75.8172222222222,9.395,71,76,0.71,0.76,2595,34.3719711304,1.85224202473333
"Monitoring",2021-05-19,178.7025,33.5505555555556,97.4366666666667,9.04111111111111,71,63,0.71,0.63,2420,79.2548828125,1.81645037333333
"Monitoring",2021-05-20,188.588055555556,49.0658333333333,94.2769444444444,9.99277777777778,71,51,0.71,0.51,2317,153.917572021,1.80858917236667
"Monitoring",2021-05-21,167.113611111111,33.3958333333333,88.6805555555556,10.5416666666667,71,66,0.71,0.66,1850,59.6278266907,1.8795387268
"Monitoring",2021-05-22,116.727777777778,25.2038888888889,63.815,7.00222222222222,71,85,0.71,0.85,1703,13.1076116562,2.01646372476667
"Monitoring",2021-05-23,132.068055555556,37.1280555555556,74.6858333333333,5.86194444444444,71,64,0.71,0.64,2691,84.9955673218,2.0718284607
"Monitoring",2021-05-24,194.333333333333,45.6822222222222,98.9436111111111,11.1197222222222,71,59,0.71,0.59,2486,74.15574646,1.89884757995
"Monitoring",2021-05-25,160.735,27.8644444444444,83.4827777777778,9.11388888888889,71,65,0.71,0.65,2600,59.7652893066,1.88777300516667
"Monitoring",2021-05-26,173.916666666667,30.1061111111111,92.1516666666667,10.4066666666667,71,56,0.71,0.56,2927,98.2750854492,1.86561978658333
"Monitoring",2021-05-27,184.636388888889,37.1841666666667,99.6130555555556,9.35722222222222,71,53,0.71,0.53,2378,132.806610107,1.83972028096667
"Monitoring",2021-05-28,165.623333333333,39.9986111111111,80.79,10.39,71,66,0.71,0.66,1766,67.875,1.80287729898333
"Monitoring",2021-05-29,138.011944444444,33.6913888888889,77.35,6.6375,71,88,0.71,0.88,2048,16.5914230347,2.07971814473333
"Monitoring",2021-05-30,147.711666666667,42.0472222222222,77.9913888888889,8.71638888888889,71,85,0.71,0.85,1931,16.7584266663,2.3545522054
"Monitoring",2021-05-31,145.720833333333,38.3302777777778,81.6583333333333,6.9825,71,53,0.71,0.53,2611,105.212646484,1.89684766133333
"Service Dispatch Customer",2021-05-01,18.5369444444444,8.83916666666667,1.76694444444444,0.850833333333333,65,76,0.65,0.76,123,40.4411773682,2.7826189677
"Service Dispatch Customer",2021-05-02,14.8275,9.68638888888889,0.642222222222222,0.529444444444444,65,55,0.65,0.55,740,87.264541626,2.14068628946667
"Service Dispatch Customer",2021-05-03,42.4919444444444,6.77555555555556,12.8030555555556,3.21388888888889,65,71,0.65,0.71,783,61.2194252014,2.03214505513333
"Service Dispatch Customer",2021-05-04,50.0611111111111,12.4513888888889,13.7908333333333,4.47888888888889,65,81,0.65,0.81,665,46.3656578064,1.9004196167
"Service Dispatch Customer",2021-05-05,50.0477777777778,14.7038888888889,12.3411111111111,3.86277777777778,65,89,0.65,0.89,647,18.7390346527,2.13393936156667
"Service Dispatch Customer",2021-05-06,54.0763888888889,21.27,12.2580555555556,4.40194444444444,65,68,0.65,0.68,551,76.6353912354,1.94331143696667
"Service Dispatch Customer",2021-05-07,43.875,13.0705555555556,12.6716666666667,4.03472222222222,65,69,0.65,0.69,180,66.1999969482,2.09338696798333
"Service Dispatch Customer",2021-05-08,16.0986111111111,9.15888888888889,0.965,0.618611111111111,65,73,0.65,0.73,116,37.5211257935,2.49694442748333
"Service Dispatch Customer",2021-05-09,14.7497222222222,11.0027777777778,0.673888888888889,0.4975,65,56,0.65,0.56,714,108.735847473,1.97793426513333
"Service Dispatch Customer",2021-05-10,51.5091666666667,10.1,14.9361111111111,3.74416666666667,65,48,0.65,0.48,695,96.6908035278,2.40509440105
"Service Dispatch Customer",2021-05-11,53.0352777777778,5.22277777777778,20.0847222222222,5.09166666666667,65,44,0.65,0.44,626,118.95464325,2.49435755411667
"Service Dispatch Customer",2021-05-12,52.2513888888889,6.13777777777778,22.2238888888889,3.25944444444444,65,91,0.65,0.91,634,15.1295452118,2.51432673136667
"Service Dispatch Customer",2021-05-13,68.8444444444444,25.1930555555556,22.9163888888889,4.19111111111111,65,56,0.65,0.56,596,98.1196136475,2.08113632201667
"Service Dispatch Customer",2021-05-14,53.3255555555556,10.1516666666667,20.0183333333333,5.89527777777778,65,82,0.65,0.82,203,41.7851867676,2.30147527058333
"Service Dispatch Customer",2021-05-15,21.8822222222222,12.6825,1.2,1.83888888888889,65,75,0.65,0.75,133,38.0094337463,2.57938283285
"Service Dispatch Customer",2021-05-16,14.7222222222222,8.71722222222222,0.541111111111111,1.04388888888889,65,64,0.65,0.64,677,72.5603256226,2.30943400065
"Service Dispatch Customer",2021-05-17,53.9616666666667,14.7922222222222,12.5322222222222,5.7675,65,80,0.65,0.8,680,41.0042572021,2.3262781779
"Service Dispatch Customer",2021-05-18,59.9922222222222,19.12,17.7047222222222,5.13638888888889,65,89,0.65,0.89,546,16.3267326355,2.10450350443333
"Service Dispatch Customer",2021-05-19,65.1244444444444,23.5972222222222,19.9025,4.67027777777778,65,81,0.65,0.81,625,25.5794391632,2.33386967976667
"Service Dispatch Customer",2021-05-20,66.2513888888889,21.3755555555556,22.2072222222222,5.68777777777778,65,78,0.65,0.78,589,40.8485565186,2.20587997436667
"Service Dispatch Customer",2021-05-21,61.3063888888889,14.4533333333333,23.4263888888889,6.77472222222222,65,77,0.65,0.77,168,44.7213096619,2.23405456543333
"Service Dispatch Customer",2021-05-22,14.5391666666667,7.62027777777778,0.612777777777778,0.802777777777778,65,89,0.65,0.89,125,25.021276474,2.5527323405
"Service Dispatch Customer",2021-05-23,22.1858333333333,16.9872222222222,0.901111111111111,0.914444444444444,65,56,0.65,0.56,690,101.011497498,1.97553189595
"Service Dispatch Customer",2021-05-24,55.8977777777778,11.655,16.4577777777778,5.85277777777778,65,71,0.65,0.71,609,47.6521720886,2.36542154948333
"Service Dispatch Customer",2021-05-25,64.8052777777778,13.6847222222222,25.3619444444444,6.23666666666667,65,71,0.65,0.71,620,44.6461524963,2.51495030721667
"Service Dispatch Customer",2021-05-26,58.4705555555556,15.9794444444444,17.8319444444444,4.78166666666667,65,74,0.65,0.74,641,66.8040084839,2.45794881185
"Service Dispatch Customer",2021-05-27,61.4105555555556,16.9922222222222,19.8497222222222,5.48916666666667,65,52,0.65,0.52,594,99.8474578857,2.38711954753333
"Service Dispatch Customer",2021-05-28,48.2763888888889,8.6325,18.145,4.61694444444444,65,73,0.65,0.73,183,62.104839325,2.27163035075
"Service Dispatch Customer",2021-05-29,21.9252777777778,13.215,1.27972222222222,2.15277777777778,65,74,0.65,0.74,125,72.5243911743,2.37836023966667
"Service Dispatch Customer",2021-05-30,16.8830555555556,9.66777777777778,1.40333333333333,1.18888888888889,65,96,0.65,0.96,142,7.67256641388,3.19776433308333
"Service Dispatch Customer",2021-05-31,36.7302777777778,27.8269444444444,4.14944444444444,0.348055555555556,65,57,0.65,0.57,854,104.195541382,2.1609143575
"Service Dispatch Tech",2021-05-01,18.5369444444444,8.83916666666667,1.76694444444444,7.29611111111111,65,83,0.65,0.83,7,19,2.36309534708333
"Service Dispatch Tech",2021-05-02,14.8275,9.68638888888889,0.642222222222222,4.15916666666667,65,90,0.65,0.9,223,24.1595745087,3.18611119588333
"Service Dispatch Tech",2021-05-03,77.6866666666667,20.9075,28.4263888888889,21.7458333333333,65,84,0.65,0.84,225,36.6927375793,1.92154261271667
"Service Dispatch Tech",2021-05-04,87.8197222222222,26.0761111111111,33.0877777777778,22.9861111111111,65,92,0.65,0.92,238,22.4205131531,1.69040972391667
"Service Dispatch Tech",2021-05-05,74.3469444444444,27.7911111111111,19.6330555555556,20.9747222222222,65,97,0.65,0.97,229,11.9677419662,1.646495691935
"Service Dispatch Tech",2021-05-06,77.1980555555556,34.7591666666667,18.2036111111111,18.5438888888889,65,97,0.65,0.97,240,10.6881189346,1.61747309366833
"Service Dispatch Tech",2021-05-07,71.0863888888889,28.3627777777778,19.8713888888889,16.3022222222222,65,95,0.65,0.95,28,12.8421049118,1.7670791626
"Service Dispatch Tech",2021-05-08,20.4561111111111,12.7888888888889,1.36944444444444,5.65027777777778,65,100,0.65,1,1,4,1.78245608011667
"Service Dispatch Tech",2021-05-09,14.7497222222222,11.0027777777778,0.673888888888889,3.02722222222222,65,86,0.65,0.86,219,30.1890239716,2.6
"Service Dispatch Tech",2021-05-10,71.7416666666667,21.1055555555556,20.3211111111111,25.3183333333333,65,66,0.65,0.66,241,77.0257720947,1.62459348042833
"Service Dispatch Tech",2021-05-11,71.975,8.40027777777778,31.8497222222222,25.5413888888889,65,86,0.65,0.86,208,26.7431697845,1.72628860473333
"Service Dispatch Tech",2021-05-12,79.9555555555555,14.8661111111111,37.2430555555556,22.415,65,95,0.65,0.95,230,10.890625,1.62622947692833
"Service Dispatch Tech",2021-05-13,93.2786111111111,34.9997222222222,34.3297222222222,18.425,65,72,0.65,0.72,276,57.9082984924,1.54288190205833
"Service Dispatch Tech",2021-05-14,68.3622222222222,14.7411111111111,28.1597222222222,18.2175,65,85,0.65,0.85,27,40.9599990845,1.73049494425
"Service Dispatch Tech",2021-05-15,21.8822222222222,12.6825,1.2,7.04027777777778,65,67,0.65,0.67,9,21,2.12800000508333
"Service Dispatch Tech",2021-05-16,14.7222222222222,8.71722222222222,0.541111111111111,5.19777777777778,65,63,0.65,0.63,206,155.511764526,2.13095232645
"Service Dispatch Tech",2021-05-17,62.1861111111111,17.0180555555556,19.2147222222222,20.5655555555556,65,87,0.65,0.87,252,20.914691925,1.74970588683333
"Service Dispatch Tech",2021-05-18,84.1102777777778,27.2002777777778,30.4705555555556,20.0091666666667,65,97,0.65,0.97,221,10.2094240189,1.66184832255
"Service Dispatch Tech",2021-05-19,88.2227777777778,31.7813888888889,32.1705555555556,18.2469444444444,65,97,0.65,0.97,243,10.240196228,1.72521820068333
"Service Dispatch Tech",2021-05-20,90.3188888888889,30.9372222222222,33.1752777777778,19.6525,65,89,0.65,0.89,277,21.9795074463,1.74607849121667
"Service Dispatch Tech",2021-05-21,72.9288888888889,20.485,25.3705555555556,19.1652777777778,65,56,0.65,0.56,18,84.9333343506,1.74713109335
"Service Dispatch Tech",2021-05-22,14.5391666666667,7.62027777777778,0.612777777777778,5.85111111111111,65,100,0.65,1,7,5,1.64000002543167
"Service Dispatch Tech",2021-05-23,22.1858333333333,16.9872222222222,0.901111111111111,4.065,65,80,0.65,0.8,196,31.2987804413,1.82619043986667
"Service Dispatch Tech",2021-05-24,66.7586111111111,19.6705555555556,18.2555555555556,22.9533333333333,65,81,0.65,0.81,217,32.7058830261,1.95071144103333
"Service Dispatch Tech",2021-05-25,82.9966666666667,20.5527777777778,33.2563888888889,22.8791666666667,65,94,0.65,0.94,214,11.7430171967,1.86836001078333
"Service Dispatch Tech",2021-05-26,77.8833333333333,27.0527777777778,22.8886111111111,22.2955555555556,65,86,0.65,0.86,239,22.3631839752,1.70651766458333
"Service Dispatch Tech",2021-05-27,79.6977777777778,28.1041666666667,24.9052777777778,20.0288888888889,65,68,0.65,0.68,207,57.9720687866,1.80265337626667
"Service Dispatch Tech",2021-05-28,63.6611111111111,17.4302777777778,22.1752777777778,19.1144444444444,65,92,0.65,0.92,32,85,1.49981384277333
"Service Dispatch Tech",2021-05-29,21.9252777777778,13.215,1.27972222222222,6.14694444444444,65,80,0.65,0.8,13,29.5384616852,3.05138880411667
"Service Dispatch Tech",2021-05-30,16.8830555555556,9.66777777777778,1.40333333333333,5.30833333333333,65,100,0.65,1,2,5.5,2.17179489135
"Service Dispatch Tech",2021-05-31,36.7302777777778,27.8269444444444,4.14944444444444,4.65722222222222,65,49,0.65,0.49,197,132.538467407,2.725
"Tech Support Customer",2021-05-01,28.0072222222222,8.19444444444444,10.9555555555556,0.594722222222222,65,59,0.65,0.59,27,95.3000030518,6.79413146973333
"Tech Support Customer",2021-05-02,7.43305555555556,5.00722222222222,0.278888888888889,0.0580555555555556,65,86,0.65,0.86,231,40.1890258789,5.98166656493333
"Tech Support Customer",2021-05-03,67.6430555555555,21.4283333333333,21.6858333333333,9.80666666666667,65,76,0.65,0.76,302,44.9346733093,5.0181910197
"Tech Support Customer",2021-05-04,79.6222222222222,25.1988888888889,22.9097222222222,10.9602777777778,65,85,0.65,0.85,268,31.9481868744,5.93844197591667
"Tech Support Customer",2021-05-05,74.6744444444444,22.7075,21.6077777777778,11.8016666666667,65,90,0.65,0.9,230,20.9314289093,5.4786702474
"Tech Support Customer",2021-05-06,79.8969444444444,28.0752777777778,20.6775,13.0336111111111,65,87,0.65,0.87,213,27.6645965576,5.88809509276667
"Tech Support Customer",2021-05-07,65.0508333333333,29.7591666666667,12.2627777777778,9.30361111111111,65,30,0.65,0.3,93,394.409851074,4.78602498371667
"Tech Support Customer",2021-05-08,19.7863888888889,3.28416666666667,7.81333333333333,0.677222222222222,65,70,0.65,0.7,46,79.3333358765,7.60437164306667
"Tech Support Customer",2021-05-09,14.8816666666667,9.74416666666667,0.884166666666667,0.415277777777778,65,78,0.65,0.78,226,53.5212135315,7.41222229003333
"Tech Support Customer",2021-05-10,62.7630555555556,20.2513888888889,15.7930555555556,12.3063888888889,65,90,0.65,0.9,201,25.9790210724,4.99949493408333
"Tech Support Customer",2021-05-11,81.7255555555556,27.4355555555556,25.7730555555556,12.0816666666667,65,58,0.65,0.58,269,95.7391281128,6.4621210734
"Tech Support Customer",2021-05-12,62.6461111111111,18.2041666666667,18.7613888888889,9.02333333333333,65,85,0.65,0.85,210,30.4503307343,5.19628601075
"Tech Support Customer",2021-05-13,73.9538888888889,36.7177777777778,13.1630555555556,9.42777777777778,65,93,0.65,0.93,249,18.817073822,5.5573949178
"Tech Support Customer",2021-05-14,68.9697222222222,27.7766666666667,14.1205555555556,11.7811111111111,65,59,0.65,0.59,80,100.611114502,5.34532521565
"Tech Support Customer",2021-05-15,20.3675,5.29916666666667,7.83583333333333,0.101666666666667,65,62,0.65,0.62,56,96.5952377319,7.6469136556
"Tech Support Customer",2021-05-16,14.9591666666667,8.06916666666667,1.08222222222222,0.9025,65,79,0.65,0.79,231,39.3218383789,6.7269841512
"Tech Support Customer",2021-05-17,62.8458333333333,16.975,22.9163888888889,7.73638888888889,65,74,0.65,0.74,200,49.9109573364,5.0041188558
"Tech Support Customer",2021-05-18,66.5213888888889,17.9097222222222,23.4822222222222,9.75472222222222,65,89,0.65,0.89,227,25.3393936157,6.08652954101667
"Tech Support Customer",2021-05-19,81.415,27.46,29.0122222222222,7.71888888888889,65,83,0.65,0.83,241,29.2457141876,5.99171702066667
"Tech Support Customer",2021-05-20,82.3069444444444,24.7183333333333,27.7452777777778,12.2305555555556,65,88,0.65,0.88,244,24.4880943298,5.7812383016
"Tech Support Customer",2021-05-21,59.0836111111111,21.0852777777778,12.7072222222222,10.2363888888889,65,43,0.65,0.43,94,191.888885498,5.14851175943333
"Tech Support Customer",2021-05-22,21.1183333333333,5.35777777777778,7.99388888888889,0.372777777777778,65,79,0.65,0.79,56,66.914894104,6.78439178466667
"Tech Support Customer",2021-05-23,14.7944444444444,7.33194444444444,0.530833333333333,1.69777777777778,65,78,0.65,0.78,235,54.435295105,6.40886535645
"Tech Support Customer",2021-05-24,72.2652777777778,19.9127777777778,22.7969444444444,13.2127777777778,65,89,0.65,0.89,210,25.2808227539,5.54735310871667
"Tech Support Customer",2021-05-25,85.3269444444445,25.1608333333333,33.1727777777778,13.0166666666667,65,85,0.65,0.85,255,31.1945953369,5.51541086833333
"Tech Support Customer",2021-05-26,87.0083333333333,25.965,29.3575,15.4016666666667,65,75,0.65,0.75,257,57.6968078613,5.03288269043333
"Tech Support Customer",2021-05-27,68.3030555555556,16.1855555555556,20.1186111111111,15.9066666666667,65,60,0.65,0.6,260,91.5615005493,4.91826222738333
"Tech Support Customer",2021-05-28,59.0838888888889,12.6377777777778,12.6336111111111,13.8372222222222,65,32,0.65,0.32,76,322.320739746,6.19884134928333
"Tech Support Customer",2021-05-29,14.1330555555556,3.99166666666667,3.56277777777778,0.524722222222222,65,74,0.65,0.74,43,56.0606079102,6.66823883056667
"Tech Support Customer",2021-05-30,14.8766666666667,10.2763888888889,0.581388888888889,0.414444444444444,65,95,0.65,0.95,89,22.5166664124,6.27121225993333
"Tech Support Customer",2021-05-31,63.6216666666667,49.8972222222222,6.04222222222222,0.66,65,89,0.65,0.89,251,21.5618553162,6.72694447835
"Tech Support Tech",2021-05-01,20.6052777777778,5.26972222222222,10.1172222222222,4.91333333333333,65,0,0.65,0,0,0,3.56666666666667
"Tech Support Tech",2021-05-02,7.43305555555556,5.00722222222222,0.278888888888889,2.14694444444444,65,70,0.65,0.7,88,71.1014480591,0
"Tech Support Tech",2021-05-03,52.8330555555556,14.1802777777778,20.3977777777778,10.9175,65,67,0.65,0.67,100,66.2469100952,6.04371999105
"Tech Support Tech",2021-05-04,57.2130555555556,14.5302777777778,20.4544444444444,13.2563888888889,65,62,0.65,0.62,114,140.285720825,6.29876556396667
"Tech Support Tech",2021-05-05,52.6883333333333,13.2591666666667,18.9791666666667,10.6475,65,77,0.65,0.77,108,48.6395339966,6.08626352946667
"Tech Support Tech",2021-05-06,57.6902777777778,16.1147222222222,19.235,11.9936111111111,65,90,0.65,0.9,68,22.1578941345,6.7937983195
"Tech Support Tech",2021-05-07,50.2041666666667,21.2441666666667,11.5280555555556,9.48305555555556,65,6,0.65,0.06,30,1044.80004883,8.00818735758333
"Tech Support Tech",2021-05-08,12.4316666666667,1.82916666666667,6.60027777777778,3.79555555555556,65,100,0.65,1,1,8,2.0433333079
"Tech Support Tech",2021-05-09,7.44888888888889,5.1525,0.693333333333333,1.55416666666667,65,64,0.65,0.64,90,124.561645508,2.55
"Tech Support Tech",2021-05-10,55.3327777777778,17.0386111111111,15.2591666666667,14.1694444444444,65,66,0.65,0.66,120,69.9213485718,6.97785390218333
"Tech Support Tech",2021-05-11,59.2766666666667,16.9147222222222,22.6238888888889,10.3547222222222,65,41,0.65,0.41,84,302.938476563,5.99868927001667
"Tech Support Tech",2021-05-12,41.1488888888889,8.82361111111111,15.3127777777778,10.2680555555556,65,83,0.65,0.83,100,38.2894744873,5.88051300048333
"Tech Support Tech",2021-05-13,51.6261111111111,23.0341666666667,11.0227777777778,9.38888888888889,65,84,0.65,0.84,89,39.7571411133,6.10614013671667
"Tech Support Tech",2021-05-14,54.2838888888889,20.2925,13.1455555555556,11.8683333333333,65,0,0.65,0,44,0,7.36880950928333
"Tech Support Tech",2021-05-15,12.8938888888889,2.47305555555556,7.56416666666667,2.85666666666667,65,0,0.65,0,0,0,0
"Tech Support Tech",2021-05-16,7.43722222222222,4.52388888888889,0.420833333333333,2.4925,65,51,0.65,0.51,69,140.36000061,0
"Tech Support Tech",2021-05-17,51.5425,12.3338888888889,21.6588888888889,12.8019444444444,65,63,0.65,0.63,99,114.612503052,5.40900014241667
"Tech Support Tech",2021-05-18,51.6366666666667,11.4241666666667,22.5663888888889,9.93388888888889,65,73,0.65,0.73,65,41.2363624573,5.47833353678333
"Tech Support Tech",2021-05-19,59.0069444444444,17.6866666666667,24.5686111111111,10.9469444444444,65,79,0.65,0.79,120,64.0947341919,5.9724243164
"Tech Support Tech",2021-05-20,60.085,14.0794444444444,25.6858333333333,9.92833333333333,65,70,0.65,0.7,78,78.7727279663,6.2152633667
"Tech Support Tech",2021-05-21,44.2519444444444,13.9080555555556,11.6322222222222,10.7252777777778,65,0,0.65,0,19,1105,6.90707092285
"Tech Support Tech",2021-05-22,13.5275,3.00027777777778,7.35138888888889,2.945,65,100,0.65,1,10,15.125,6.43333333333333
"Tech Support Tech",2021-05-23,7.41111111111111,3.92222222222222,0.293333333333333,2.20472222222222,65,80,0.65,0.8,112,57.8526306152,7.0625
"Tech Support Tech",2021-05-24,57.9188888888889,14.3955555555556,20.5311111111111,13.1616666666667,65,63,0.65,0.63,113,112.621055603,5.93649139405
"Tech Support Tech",2021-05-25,63.1086111111111,13.9130555555556,31.1636111111111,8.03416666666667,65,78,0.65,0.78,118,65.6666641235,5.97649129231667
"Tech Support Tech",2021-05-26,64.8933333333333,16.1944444444444,25.6538888888889,11.1477777777778,65,45,0.65,0.45,114,185.680419922,7.13472239176667
"Tech Support Tech",2021-05-27,46.4736111111111,6.19888888888889,18.4297222222222,9.82194444444444,65,28,0.65,0.28,103,275.621948242,7.15360819498333
"Tech Support Tech",2021-05-28,44.2072222222222,7.0275,11.7394444444444,15.4669444444444,65,0,0.65,0,3,678,7.01829274495
"Tech Support Tech",2021-05-29,6.71527777777778,1.82916666666667,1.72833333333333,3.10722222222222,65,0,0.65,0,0,0,3.01666666666667
"Tech Support Tech",2021-05-30,7.39583333333333,5.34583333333333,0.424166666666667,1.62583333333333,65,100,0.65,1,1,14,0
"Tech Support Tech",2021-05-31,47.6572222222222,36.6463888888889,5.08,5.89333333333333,65,51,0.65,0.51,72,129.851852417,1.76666666666667
